{
  "demand_mw": {
    "mean": 44791.563702054795,
    "std": 9605.981451422567,
    "min": 28491.0,
    "max": 71984.33,
    "p5": 31525.9785,
    "p25": 36433.802500000005,
    "p50": 44290.055,
    "p75": 50314.317500000005,
    "p95": 62737.878
  },
  "solar_mw": {
    "mean": 1108.0195833333332,
    "std": 1316.3790745085525,
    "min": 0.0,
    "max": 5444.72,
    "p5": 0.0,
    "p25": 29.1325,
    "p50": 517.23,
    "p75": 1783.805,
    "p95": 4024.0510000000004
  },
  "wind_mw": {
    "mean": 5438.1356552511415,
    "std": 1777.1942392955916,
    "min": 2090.0,
    "max": 10463.68,
    "p5": 2826.75,
    "p25": 4076.225,
    "p50": 5229.415,
    "p75": 6670.68,
    "p95": 8645.6325
  }
}